<?xml version="1.0" encoding="utf-8" ?>
<dwsync>
<file name="banner2.png" server="C:/xampp/htdocs/lms_2/" local="129925973640000000" remote="129925973640000000" Dst="0" />
<file name="bg.gif" server="C:/xampp/htdocs/lms_2/" local="129205337580000000" remote="129205337580000000" Dst="0" />
<file name="bg.png" server="C:/xampp/htdocs/lms_2/" local="129925974180000000" remote="129925974180000000" Dst="0" />
<file name="edit.png" server="C:/xampp/htdocs/lms_2/" local="129594251600000000" remote="129594251600000000" Dst="0" />
<file name="employee-benefits-banner.jpg" server="C:/xampp/htdocs/lms_2/" local="130695227337563950" remote="130695227330000000" Dst="0" />
<file name="footer-bg.png" server="C:/xampp/htdocs/lms_2/" local="129925974280000000" remote="129925974280000000" Dst="0" />
<file name="footer_bg.jpg" server="C:/xampp/htdocs/lms_2/" local="129167347340000000" remote="129167347340000000" Dst="0" />
<file name="header-shadow.png" server="C:/xampp/htdocs/lms_2/" local="129925974160000000" remote="129925974160000000" Dst="0" />
<file name="home.png" server="C:/xampp/htdocs/lms_2/" local="130706016364579693" remote="130706016360000000" Dst="0" />
<file name="login-body-bg.jpg" server="C:/xampp/htdocs/lms_2/" local="130683743915454426" remote="130683743910000000" Dst="0" />
<file name="logout.png" server="C:/xampp/htdocs/lms_2/" local="129594305560000000" remote="129594305560000000" Dst="0" />
<file name="settings.png" server="C:/xampp/htdocs/lms_2/" local="129594305260000000" remote="129594305260000000" Dst="0" />
<file name="trash.gif" server="C:/xampp/htdocs/lms_2/" local="129594251840000000" remote="129594251840000000" Dst="0" />
</dwsync>